name,formatted_address,vicinity,formatted_phone_number,international_phone_number,location-lat-lng,permanently_closed,rating,types,url,website,place_id
"Nepal Telecom Darchula","Kailash Mansarovar Road, 10100, Nepal","Kailash Mansarovar Road",,,"29.842814,80.537551",,,establishment,https://plus.google.com/114502376306060116671/about?hl=en-US,http://www.ntc.net.np/,ChIJpcarupi0pjkRqz2n7lq0sHY
"Rawat Building Material Store","Mantoli, Berinag, Uttarakhand 262531, India","Mantoli, Berinag",,,"29.777778,80.057293",,,"store / establishment",https://plus.google.com/113850224512171952162/about?hl=en-US,,ChIJIQ3SYynVoDkRGtV_0guZcyc
"Pathak Material Suppliers","Mantoli, Berinag, Uttarakhand 262531, India","Mantoli, Berinag",,,"29.776829,80.055726",,,"store / establishment",https://plus.google.com/116610858499933912290/about?hl=en-US,,ChIJWSQwminVoDkR5uzuxlY1aes
"PWD construction Material Store","Raiagar, Berinag, Uttarakhand 262531, India","Raiagar, Berinag",,,"29.777979,80.054455",,,"store / establishment",https://plus.google.com/114182247849135602659/about?hl=en-US,,ChIJdec3HCrVoDkR_QsjDR-8zQw
"Chand Tent House","National Highway 125, Bilheeri, Uttarakhand 262308, India","National Highway 125, Bilheeri",,,"28.96834,80.015885",,,establishment,https://plus.google.com/104399712737589312081/about?hl=en-US,,ChIJKVcwvRtUoDkRsqrddVT_xOs
"Ravi Tent House","Banbasa, Majhola, Uttarakhand 262305, India","Banbasa, Majhola","097198 01295","+91 97198 01295","28.813959,79.888482",,,"store / establishment",https://plus.google.com/110526473602689957381/about?hl=en-US,,ChIJ_____w5FoDkRBUXLgLGPF_k
"modern tiles","Mela Road, Palia Kalan, Uttar Pradesh 262701, India","Mela Road, Palia Kalan","081272 51119","+91 81272 51119","28.430136,80.580708",,,"home_goods_store / store / establishment",https://plus.google.com/109536044337392050375/about?hl=en-US,,ChIJnfgd8ITjoTkR7UkC-1_tBa0
"Ester Industries Ltd","Charu Beta, Uttarakhand 262308, India","Charu Beta","05943 250 153","+91 5943 250 153","28.899246,79.944802",,,establishment,https://plus.google.com/102643789036077740371/about?hl=en-US,http://www.esterindustries.com/,ChIJy2bvG19QoDkROcGJk0_NqiY
"Nepal Telecom-Rajapur","Rajapur Road, Rajapur 21800, Nepal","Rajapur Road, Rajapur",,,"28.430069,81.08975",,,establishment,https://plus.google.com/106651183779853643057/about?hl=en-US,http://www.ntc.net.np/,ChIJD-lwIM0LojkRRoLy0koZE4U
"Chimara Tower","Dillichaur 21200, Nepal",Dillichaur,,,"29.28488,82.254192",,,establishment,https://plus.google.com/102712064003615155518/about?hl=en-US,http://ntc.net.np/,ChIJhU-d6oHUvDkRqS0Fpl81bE4
"Nepal Telecom","Gulariya 21800, Nepal",Gulariya,,,"28.203984,81.343852",,,establishment,https://plus.google.com/107664248152650173980/about?hl=en-US,http://www.ntc.net.np/,ChIJBcLDXPyPmDkROC0gnMVfCaw
"Himal Academy","Tulsipur-6, Dang, Tulsipur 22412, Nepal","Tulsipur-6, Dang, Tulsipur",082-522181,"+977 82-522181","28.120093,82.289786",,,"school / establishment",https://plus.google.com/111216695647936403161/about?hl=en-US,http://www.himalacademypvt.edu.np/,ChIJCWfimI_0lzkRMg2CltbwRno
"St. Thomas Higher Secondary School","Ratna Rajmarg H12 (Nepalganj-Surkhet Road), Nepalgunj 21900, Nepal","Ratna Rajmarg H12 (Nepalganj-Surkhet Road), Nepalgunj",,,"28.064648,81.623532",,,"school / establishment",https://plus.google.com/106324396821665513001/about?hl=en-US,http://www.nepalgunj.net/education/stthomas.html,ChIJ_wS0WkBnmDkRldqNoLiCW0I
"Nepal Telecom","Ratna Rajmarg H12 (Nepalganj-Surkhet Road), Nepalgunj 21900, Nepal","Ratna Rajmarg H12 (Nepalganj-Surkhet Road), Nepalgunj",,,"28.065211,81.623687",,,establishment,https://plus.google.com/109996832482757363248/about?hl=en-US,http://www.ntc.net.np/,ChIJjxLnQ0BnmDkReaI28CvxIK4
"Nepal Telecom Office","Tribhuvan Chowk, Nepalgunj 21900, Nepal",Nepalgunj,,,"28.053914,81.620023",,,establishment,https://plus.google.com/116717502387881521910/about?hl=en-US,http://www.ntc.net.np,ChIJH52VoFxnmDkRohOYRSpLhow
"SEO SMO Information","Rupaidiha, Uttar Pradesh 271881, India",Rupaidiha,"098918 51733","+91 98918 51733","28.017401,81.598389",,,establishment,https://plus.google.com/117229143403915988030/about?hl=en-US,http://seo-smo-information.blogspot.com/,ChIJH4qxmHRemDkRVRD8ZlWbBro
"Bhinga Tiger Tents","Katarneya Ghat Range, Uttar Pradesh 271855, India","Katarneya Ghat Range","094151 21369","+91 94151 21369","28.315602,81.182914",,,establishment,https://plus.google.com/113539816866968358206/about?hl=en-US,,ChIJ4ZBhrUGfmDkRB1OzfVGI2-w
"ONGC Hospital","State Highway 26, Sisya Kalan, Uttar Pradesh 262723, India","State Highway 26, Sisya Kalan",,,"27.961163,81.165211",,,"hospital / establishment",https://plus.google.com/111650167619991570438/about?hl=en-US,http://www.ongcindia.com/,ChIJydmb6njqmDkRCpu8g5rPpbg
"Nepal Telecom , Ghorahi Office","Balmandir to Telicom Road, Ghorahi 22400, Nepal","Balmandir to Telicom Road, Ghorahi",082-560044,"+977 82-560044","28.04405,82.489862",,,establishment,https://plus.google.com/112044652642260721925/about?hl=en-US,http://www.ntc.net.np/,ChIJA2aotmOUlzkRZBaOVctK5so
"Raniban Retreat","World Peace Pagoda, Pokhara 33700, Nepal","World Peace Pagoda, Pokhara",01-4411855,"+977 1-4411855","28.202635,83.939141",,,"lodging / establishment",https://plus.google.com/110163909647020232556/about?hl=en-US,http://www.raniban.com/,ChIJH3N7jC-VlTkRRAV1PFt4UCM
"Pristine Mountain Adventure P. Ltd.","Lakeside marga, 6, Pokhara 33700, Nepal","Lakeside marga, 6, Pokhara",061-463577,"+977 61-463577","28.20897,83.957326",,,"travel_agency / establishment",https://plus.google.com/100319388676843033607/about?hl=en-US,http://www.pristinetrekking.com/,ChIJ5-zasaWVlTkR-LUACdDbIJA
"sitaldevi nirman sewa","Sitaldevi, Pokhara, Pokhara, Nepal","Sitaldevi, Pokhara",061-532744,"+977 61-532744","28.217734,84.001389",,,establishment,https://plus.google.com/107917664927936672583/about?hl=en-US,http://www.tradekey.com/,ChIJeYbuBX-TlTkRTWr6tMOi4ao
"Pokhara Grande","Pardi Bazaar, Pokhara 33700, Nepal","Pardi Bazaar, Pokhara",061-460210,"+977 61-460210","28.1918,83.9747",,4.1,"lodging / establishment",https://plus.google.com/114274145252914491635/about?hl=en-US,http://www.pokharagrande.com/,ChIJ8YXCRn-UlTkRPhmQOjfJ1PU
"R&R Guest House","Barahi Street, Pokhara, Nepal","Barahi Street, Pokhara",0984-6037175,"+977 984-6037175","28.209499,83.961532",,,"lodging / establishment",https://plus.google.com/112409182995398009382/about?hl=en-US,http://www.booking.com/hotel/np/r-amp-r-guest-house.en-gb.html?sid=57a6a4174c1ecf11e4469467149e3b2d;dcid%3D4;dist%3D0&type=total&#tab-main,ChIJDaCy8ByVlTkR9DEiTQOGnpI
"Extreme River Rafting","Center Point, Lake Side, Pokhara, Nepal 33700, Nepal","Center Point, Lake Side, Pokhara, Nepal",0985-6022071,"+977 985-6022071","28.213139,83.95753",,,"travel_agency / establishment",https://plus.google.com/105068083867615227249/about?hl=en-US,http://www.nepal-rafting.com/,ChIJexGP4eGUlTkRu8CiF5zWKc8
"Shree Sanskrit Higher Secondry School","Dhawalagiri, 33300, Nepal",,0984-9811109,"+977 984-9811109","28.114515,83.609219",,,"school / establishment",https://plus.google.com/115316352983420670982/about?hl=en-US,http://www.spanamol.blogspot.com/,ChIJRTsG7JnflTkRZFzK2BXNnD8
"Eastern Light Trek.P.ltd","Lake side,-6, Pokhara,Nepal 33700, Nepal","Lake side,-6, Pokhara,Nepal",061-463303,"+977 61-463303","28.212085,83.957268",,4.9,"travel_agency / establishment",https://plus.google.com/102861552282358256772/about?hl=en-US,http://pokharaadventure.com/,ChIJgSwpqeaUlTkR_LHqJWToE34
"Visitbazar Marketing Solution","Zero Killo Meter, Pokhara, Nepal","Zero Killo Meter, Pokhara",0985-6031620,"+977 985-6031620","28.237396,83.985447",,,establishment,https://plus.google.com/103988947405586203948/about?hl=en-US,http://www.visitbazar.com/,ChIJARH1r6qVlTkRUECUdDoP4kw
"Universal Tent and Sound","Vyas-2, New Road, Damauli, Tanahun, Damauli 33900, Nepal","Vyas-2, New Road, Damauli, Tanahun, Damauli",0985-6029742,"+977 985-6029742","27.975048,84.268026",,,establishment,https://plus.google.com/110929880890775621997/about?hl=en-US,,ChIJEXB5eh6olTkR_rTQdlouU-A
"ASK Tent House,Magani chok(9845079039) Chitwan","Chitwan National Park, parsa,chitwan, Nepal","Chitwan National Park, parsa,chitwan",0984-5079039,"+977 984-5079039","27.611232,84.57418",,,establishment,https://plus.google.com/115247177862092627725/about?hl=en-US,,ChIJZ-paLGbolDkRf5wDDhviHKQ
"nawadeep tent house","Ratnanagar 44204, Nepal",Ratnanagar,056-563288,"+977 56-563288","27.620017,84.515884",,,"shopping_mall / establishment",https://plus.google.com/103744720261783945666/about?hl=en-US,,ChIJ2ZQwmVHvlDkRvFJX15L-9Vc
"River Fun Beach Resort","Buttar, Kurintar 34000, Nepal","Buttar, Kurintar",0985-1035699,"+977 985-1035699","27.872783,84.609473",,,"lodging / establishment",https://plus.google.com/101465661336863665413/about?hl=en-US,http://www.riverfunbeachresort.com/,ChIJ71RVVZUilTkRioGj9fwf9ME
"Kepy Cement Industries Pvt. Ltd.","Prithvi Highway, Naubise 45100, Nepal","Prithvi Highway, Naubise",01-6916424,"+977 1-6916424","27.72419,85.144166",,,establishment,https://plus.google.com/115042006503116337507/about?hl=en-US,http://www.kepycement.com,ChIJ3ZkQQMol6zkR4weeTRvEYE0
"Sai Ram Dental Hospital","Narayangarh, Bharatpur 44207, Nepal",Bharatpur,056-571828,"+977 56-571828","27.69526,84.421905",,,"dentist / health / establishment",https://plus.google.com/111227346878673387377/about?hl=en-US,http://www.facebook.com/sairamdental,ChIJh66yUD_7lDkRClL08oHU0s4
"Royal Beach Nepal","Khatauti khola, Dhading, Charundi, Nepal","Khatauti khola, Dhading, Charundi",01-4700531,"+977 1-4700531","27.795046,84.730682",,,"travel_agency / natural_feature / establishment",https://plus.google.com/104180316642342654905/about?hl=en-US,http://www.royalbeachnepal.com/,ChIJS-wzCfbYlDkR7KCJTn3GbwE
"Gaida Wildlife Camp","Narayani, 44204, Nepal",,01-4215409,"+977 1-4215409","27.570022,84.509486",,,"lodging / establishment",https://plus.google.com/108471527742207441860/about?hl=en-US,http://www.gaidawildlife.com/,ChIJ1_e6LsXulDkRCUc4GQUvcG4
"Area Welfare Centre Chitwan","Bharatpur 44207, Nepal",Bharatpur,056-521592,"+977 56-521592","27.673827,84.422765",,,establishment,https://plus.google.com/100657790791465005889/about?hl=en-US,http://hqgws.org/,ChIJ5xEwNCf7lDkR_W7nunw4bBA
"Jungle Wildlife Camp","Sauraha Rd, Sauraha 00977, Nepal","Sauraha Rd, Sauraha",056-580093,"+977 56-580093","27.549697,84.371147",,,establishment,https://plus.google.com/116118649080394119039/about?hl=en-US,http://www.nepaljunglesafari.com/,ChIJl1fjIkHxlDkReF6A4kZPsw4
"Dream Computer & Education Institute","Area of DCEI, Bardaghat, Nepal","Area of DCEI, Bardaghat",078-580873,"+977 78-580873","27.55625,83.789828",,,establishment,https://plus.google.com/109662796359386910380/about?hl=en-US,http://www.dreamcomputer.webs.com/,ChIJlb3Y6eM6lDkR8hWDLmL8Yfs
"Valmiki Wildlife Sanctuary","Betiah, Bihar 845105, India",Betiah,"06254 232 909","+91 6254 232 909","27.37999,84.143514",,3.8,"park / natural_feature / establishment",https://plus.google.com/102962156849658854658/about?hl=en-US,http://projecttiger.nic.in/valmiki.htm,ChIJc3IMzn6KlDkRRpBQqrUkIGA
"Nepal Telecom Taulihawa","Kapilvastu 32800, Nepal",Kapilvastu,,,"27.544181,83.05879",,,establishment,https://plus.google.com/113276520600998912796/about?hl=en-US,http://www.ntc.net.np/,ChIJS-2mjUDlljkR1jBGSuAeCHM
"Vijaya Cements","Lumbini, 32800, Nepal",,,,"27.576123,82.862632",,,establishment,https://plus.google.com/112438088151334956511/about?hl=en-US,http://www.vijayacement.com/,ChIJw1FrOSADlzkRmxlFIrkplX8
"Ankit Computer & Cyber Cafe","Near Apna Tent House, Itwa Road, Domariyaganj, Uttar Pradesh 272189, India","Near Apna Tent House, Itwa Road, Domariyaganj","096484 68273","+91 96484 68273","27.202895,82.653414",,,establishment,https://plus.google.com/109898702204234827045/about?hl=en-US,http://www.ankitcyber.in/,ChIJA8GndCY6lzkRQto4Xqre9KM
"Educational Material Suppliers Pvt.Ltd","Kumari Marg, 44600, Nepal","Kumari Marg",01-4350786,"+977 1-4350786","27.73696,85.304582",,,"store / establishment",https://plus.google.com/118180458092363553783/about?hl=en-US,,ChIJ2TaKH9sY6zkR-ZdBCNmt21E
"New ANNAPURNA CATERING AND TENT HOUSE","रानीबारी मार्ग, 44600, Nepal","रानीबारी मार्ग",01-4355205,"+977 1-4355205","27.730316,85.318298",,,establishment,https://plus.google.com/113570885798880662139/about?hl=en-US,,ChIJKZkfjSEZ6zkRcButOAjfyLY
"Nepal Tent & Tarpoline","लेक्नाथ सडक, 44600, नेपाल","लेक्नाथ सडक",,,"27.727765,85.301117",,,"grocery_or_supermarket / food / store / establishment",https://plus.google.com/107183996707833092982/about?hl=en-US,,ChIJl7BTTugY6zkRPCxjfgBX_ck
"Himalayan Tent & Equipment Manufacture Pvt. Ltd.","साकुना मार्ग, 44600, नेपाल","साकुना मार्ग",01-4437992,"+977 1-4437992","27.722221,85.326756",,,establishment,https://plus.google.com/102128006839022126135/about?hl=en-US,,ChIJbazvJhEZ6zkR8H6EIwbg__I
"Buddha Meditech Pvt Ltd","Ring Road, 44611, Nepal","Ring Road",01-4390437,"+977 1-4390437","27.72611,85.3037",,,"store / health / establishment",https://plus.google.com/102522780018540719102/about?hl=en-US,http://www.bmgroup.com.np/,ChIJ0bVR2ucY6zkRV7j3MzXDLto
"Asian Adventure Trips","Town Planning Entrance Road in rani bari section, Kathmandu 44600, Nepal","Town Planning Entrance Road in rani bari section, Kathmandu",01-4383405,"+977 1-4383405","27.73448,85.316231",,,"travel_agency / establishment",https://plus.google.com/104869515558572980729/about?hl=en-US,http://www.asianadventuretrips.com/,ChIJD0kWAeIY6zkROuIoAfgP_do
"Victory Nepal","Ring Road, Kathmandu 44600, Nepal","Ring Road, Kathmandu",0984-1141077,"+977 984-1141077","27.731904,85.343005",,,"travel_agency / establishment",https://plus.google.com/113709948722156978458/about?hl=en-US,http://victorynepal.blogspot.com/,ChIJlVWxZ3UY6zkRqO-iSnRn0EA
"Peak Endeavor Nepal Trekking","Ring Road, Kathmandu 44601, Nepal","Ring Road, Kathmandu",0985-1038996,"+977 985-1038996","27.726776,85.292326",,,"travel_agency / establishment",https://plus.google.com/102726689698174719454/about?hl=en-US,http://www.trektohimalayas.com/,ChIJKU3dRZUY6zkR0RKk4ZkrwwM
"Mountain Monarch Adventures","Hattigaudha, Kathmamdu, Nepal","Hattigaudha, Kathmamdu",01-4373881,"+977 1-4373881","27.75287,85.351291",,,"travel_agency / natural_feature / establishment",https://plus.google.com/106500807909729879541/about?hl=en-US,http://www.mountainmonarch.com/,ChIJW7LJuxAZ6zkRds3QhkB_13E
"Sky Overseas Services Pvt. Ltd.","Narayan Gopal Chowk, Kathmandu 44600, Nepal",Kathmandu,01-4377666,"+977 1-4377666","27.739902,85.338608",,,"travel_agency / establishment",https://plus.google.com/103034772250696358894/about?hl=en-US,http://www.skyoverseas.com.np/,ChIJKyClE0YZ6zkRuaj_m0Mn0X8
"Nepal Trekking Tourism & Adventure P.LTD","Kapan, Nepal",Kapan,0985-1060947,"+977 985-1060947","27.73605,85.358928",,,"travel_agency / establishment",https://plus.google.com/100011793328458779623/about?hl=en-US,http://www.nepaltrekkingtourism.com/,ChIJhVRWFwcb6zkRomgvLWCGl4Y
"Hygienic Meat Center","Near Shivapuri School, थिरबाम सडक, 44600, Nepal","Near Shivapuri School, थिरबाम सडक",01-4436653,"+977 1-4436653","27.730482,85.329888",,,"food / store / establishment",https://plus.google.com/112551463973877797947/about?hl=en-US,http://www.hmc.com/,ChIJqS2mEz4Z6zkRhAk3qzZfbvg
"Siddhartha Vanasthali Institute","साई बाबा मार्ग, 44600, नेपाल","साई बाबा मार्ग",01-4350075,"+977 1-4350075","27.725692,85.297948",,4.6,"school / establishment",https://plus.google.com/102167142525319977115/about?hl=en-US,http://svi.edu.np/,ChIJn0o1KOoY6zkRqambzBtfkUA
"Adventure Connexion (P). LTD","Rani Devi Marg, Kathmandu 44600, Nepal","Rani Devi Marg, Kathmandu",0985-1090345,"+977 985-1090345","27.726033,85.321658",,,"travel_agency / establishment",https://plus.google.com/108883399224538351451/about?hl=en-US,http://www.adventureconnexion.com/,ChIJcfjGZBgZ6zkRN7qbxgXCYdo
"Kalinchok Security Services (P) Ltd.","Swornim House 775, Dhumbarahi Marg, Kathmandu 44601, Nepal","Swornim House 775, Dhumbarahi Marg, Kathmandu",01-4419380,"+977 1-4419380","27.72763,85.341668",,,establishment,https://plus.google.com/102665463092277239242/about?hl=en-US,http://www.ksecurity.com.np/,ChIJlTxCsWkZ6zkRKNbkUIkGWZE
"Adventure Randonnee Trekking","Maharajgunj Road, Kathmandu 44601, Nepal","Maharajgunj Road, Kathmandu",0984-1281207,"+977 984-1281207","27.738992,85.335965",,,"travel_agency / establishment",https://plus.google.com/101575311912275812009/about?hl=en-US,http://www.altitudetrekking.com/,ChIJk4l6u0cZ6zkRHqL6mHC7Viw
"Zorba International Pvt. Ltd.","Samakhusi , Anmol Marg, Ring Road, Kathmandu 44600, Nepal","Samakhusi , Anmol Marg, Ring Road, Kathmandu",01-4357872,"+977 1-4357872","27.735693,85.321937",,,"real_estate_agency / establishment",https://plus.google.com/101724920344489906781/about?hl=en-US,http://www.zorba.com.np/,ChIJM-ZHjiQZ6zkRy3w44maNv9M
"South Asia Trekking Pvt. Ltd","Sukedhara, Kathmandu 44601, Nepal","Sukedhara, Kathmandu",01-4373396,"+977 1-4373396","27.728136,85.345936",,,"travel_agency / establishment",https://plus.google.com/113598418930323602912/about?hl=en-US,http://www.southasiatrekking.com/,ChIJbdv0v2cZ6zkRBf0JKBsMoHQ
"Nepal Telecom","Kapan 44600, Nepal",Kapan,01-4810000,"+977 1-4810000","27.733891,85.359566",,,establishment,https://plus.google.com/116983326101151575129/about?hl=en-US,http://www.ntc.com.np/,ChIJ-0bfL-Eb6zkRB7Mob0flpsU
"Nepal Adventure Team Pvt. Ltd.","Mhepi Marg, Kathmandu 44600, Nepal","Mhepi Marg, Kathmandu",0984-1486322,"+977 984-1486322","27.727849,85.309792",,,"travel_agency / establishment",https://plus.google.com/108344957536579619093/about?hl=en-US,http://www.nepaladventureteam.com/,ChIJncVtmOAY6zkRf6A0KogNDco
"Nepal Trek Agency Pvt. Ltd","Saraswotinagar Rd, Kathmandu 24725, Nepal","Saraswotinagar Rd, Kathmandu",01-4812789,"+977 1-4812789","27.725759,85.353169",,,"travel_agency / establishment",https://plus.google.com/117806320877845582483/about?hl=en-US,http://www.nepaltrekagency.com/,ChIJX4f5vGEZ6zkR71OY3qfE6JA
"Pal Gyi Ling Langkor Jangsem Kunga Ling","Boudhanath Sadak, 44600, Nepal","Boudhanath Sadak",,,"27.721278,85.358315",,,"place_of_worship / establishment",https://plus.google.com/106250804965480836477/about?hl=en-US,http://lamawangdu.org/,ChIJW26Sp9kb6zkRPLH_rwu91zo
"Wild Stone Adventure Pvt. Ltd","Ichhangunaryan, Banasthali, Kathmandu, Nepal","Ichhangunaryan, Banasthali, Kathmandu",01-4880803,"+977 1-4880803","27.721295,85.292292",,,"travel_agency / establishment",https://plus.google.com/111411870584019612509/about?hl=en-US,http://www.trekintonepal.com/,ChIJbS5qLqoZ6zkRoVzt_xHB_RA
"SEE NEPAL TRAVEL & ADVENTURE P LTD","सुजन मार्ग, 44600, Nepal","सुजन मार्ग",01-4412912,"+977 1-4412912","27.723903,85.324274",,,"travel_agency / establishment",https://plus.google.com/115432737421970097652/about?hl=en-US,http://www.seenepal.com.np,ChIJMWL2WRcZ6zkR0k0IgsNVflA
"Trisna Tent House Trisna Catering","Kalankisthan Road, 44600, Nepal","Kalankisthan Road",0984-9770302,"+977 984-9770302","27.68804,85.240259",,,establishment,https://plus.google.com/113351399447381135764/about?hl=en-US,,ChIJv0b6neUi6zkR3qT9uG4_wbo
"Trishna Tent House Trishna Cattering","Kalankisthan Road, 44600, Nepal","Kalankisthan Road",01-2297884,"+977 1-2297884","27.687209,85.249573",,,"food / establishment",https://plus.google.com/103978359282266547202/about?hl=en-US,,ChIJzw0N8uwi6zkREBGCClMXQYY
"STATIONERY & ART MATERIAL","सिद्धिचरण मार्ग, 44600, Nepal","सिद्धिचरण मार्ग",,,"27.715116,85.293692",,,"store / establishment",https://plus.google.com/115495887090421963592/about?hl=en-US,,ChIJmaOJufIY6zkRXL8uYWgaqbE
"CITY UNIQUE CATERING & TENT HOUSES","गणेशमान रोड, 44614, Nepal","गणेशमान रोड",0985-1077052,"+977 985-1077052","27.695325,85.288709",,,"store / establishment",https://plus.google.com/112541691572546088464/about?hl=en-US,,ChIJs5HbY2YY6zkRsYBnuLn8rUk
"Indreni Party Palace","Narayanhiti Palace Museum North Gate Road, 44600, Nepal","Narayanhiti Palace Museum North Gate Road",01-4413207,"+977 1-4413207","27.717861,85.327312",,,"food / establishment",https://plus.google.com/101800326248306947687/about?hl=en-US,,ChIJ2_hQ2hEZ6zkRlAAlR_-Aeec
"G. N. TENT CENTER","Jyatha Marg, 44600, Nepal","Jyatha Marg",01-2190539,"+977 1-2190539","27.710497,85.312305",,,"store / establishment",https://plus.google.com/100312813007559226853/about?hl=en-US,,ChIJkx4uc_4Y6zkR8k5pbTZKSbg
"Star Shoe Material","Ena Baha Marg, 44600, Nepal","Ena Baha Marg",01-4251631,"+977 1-4251631","27.709158,85.313037",,,"shoe_store / store / establishment",https://plus.google.com/112395985541299948691/about?hl=en-US,,ChIJa2GjJP4Y6zkRuRvRKrH8Bcg
"Kathmandu Shoe and Material","Ena Baha Marg, 44600, Nepal","Ena Baha Marg",,,"27.708773,85.31275",,,"shoe_store / store / establishment",https://plus.google.com/108462038984198855926/about?hl=en-US,,ChIJMVuXMP4Y6zkRoEN1JjqFuUo
"Star Shoe Material","Ena Baha Marg, 44600, Nepal","Ena Baha Marg",01-4244446,"+977 1-4244446","27.70855,85.312998",,,"shoe_store / store / establishment",https://plus.google.com/105897483403965683993/about?hl=en-US,,ChIJw7cYLv4Y6zkRVKXmUScP-v8
"P.O. Material House","फसिक्यब मार्ग, 44600, Nepal","फसिक्यब मार्ग",01-4249661,"+977 1-4249661","27.704145,85.311387",,,"store / establishment",https://plus.google.com/114017072708561211176/about?hl=en-US,,ChIJ2Q4xcVUY6zkRmYkYJAnSW_A
"KASTHAMANDAP TENT HOUSE","कुपोन्डोल रोड, 44700, Nepal","कुपोन्डोल रोड",01-5537757,"+977 1-5537757","27.688321,85.316572",,,establishment,https://plus.google.com/116270749225552806631/about?hl=en-US,,ChIJo4OPhLMZ6zkRwXvF5YYVUNk
"Tent & Catering Station","घट्टेकुलो मार्ग, 44600, Nepal","घट्टेकुलो मार्ग",01-4770468,"+977 1-4770468","27.700099,85.329117",,,"food / establishment",https://plus.google.com/102998492092584743929/about?hl=en-US,,ChIJ81wyq6YZ6zkRAm1mF17sNAk
"SABRINA TENT HOUSE & CATERING SERVICE","Jawalakhel, 44700, Nepal",,01-5548347,"+977 1-5548347","27.671704,85.312611",,,"food / establishment",https://plus.google.com/107850244864279568788/about?hl=en-US,,ChIJk9VJwTIY6zkR8p1XtIahhaM
"Arniko Tent House & Catring","बबरमहल, 44600, Nepal",बबरमहल,0984-1120541,"+977 984-1120541","27.687946,85.326711",,,"food / establishment",https://plus.google.com/113178489990001424293/about?hl=en-US,,ChIJu0FNfrkZ6zkR5lGRMA716Ls
"Shree Ganesh Tent and Catering Service","Sahabhagita Marg, 44600, Nepal","Sahabhagita Marg",01-2298179,"+977 1-2298179","27.695149,85.336839",,,"food / establishment",https://plus.google.com/106364187313278745693/about?hl=en-US,,ChIJV4TaMpgZ6zkRYuh35SuM9TQ
"CLASSIC TAILOR & MATERIAL SHOP","गाबहाल-१८, 44700, Nepal",गाबहाल-१८,01-5543603,"+977 1-5543603","27.674554,85.320868",,,"store / establishment",https://plus.google.com/103086848095405885626/about?hl=en-US,,ChIJu3lU5s4Z6zkRtAoRrZcsJsw
"Sherpa Rental, Tent House & Catering Service","Boudhanath Sadak, 44600, Nepal","Boudhanath Sadak",0975-1034094,"+977 975-1034094","27.720268,85.359074",,,establishment,https://plus.google.com/113240260362708954912/about?hl=en-US,,ChIJXxefltkb6zkRCYlLw-rff5M
"New Manakamana Catering and Tent House","Infront of Gyan Niketan School, 44600, Nepal","Infront of Gyan Niketan School",01-4785358,"+977 1-4785358","27.683702,85.333186",,,"food / establishment",https://plus.google.com/104260652407040409526/about?hl=en-US,,ChIJlf6r678Z6zkRgQ7b5QfQkvc
"Laa Phaa Material Arts & Sports Uniform Suppliers","पिन्गलास्थान, 44600, Nepal",पिन्गलास्थान,0984-1356661,"+977 984-1356661","27.70344,85.348961",,,"clothing_store / store / establishment",https://plus.google.com/104583148444170714995/about?hl=en-US,,ChIJo0zSzIMZ6zkR8EKKpm6tXLY
"Himal Tents Pvt Ltd","Patan Industrial Estate - 69, 44700, Nepal","Patan Industrial Estate - 69",01-5527202,"+977 1-5527202","27.664274,85.3267",,,establishment,https://plus.google.com/117091183857237595944/about?hl=en-US,http://www.himaltents.com,ChIJW2nWeNkZ6zkReBmMW-T0rTA
"Kshamadevi Building Material Pvt. Ltd.","Araniko Highway, Madhyapur Thimi 44600, Nepal","Araniko Highway, Madhyapur Thimi",,,"27.674761,85.363855",,,"store / establishment",https://plus.google.com/104882087519199518102/about?hl=en-US,,ChIJnYSeXxoa6zkRvENmz5MRQ3o
"Janak Education Material Centre","Bhaktapur Road, Kathmandu, Nepal","Bhaktapur Road, Kathmandu",,,"27.683674,85.375464",,,establishment,https://plus.google.com/109724497523532675629/about?hl=en-US,,ChIJWw6MVRUa6zkRjb7blDy3mgg
"Friendship Tent House And Catering Service","न्यु थिमी, 44800, नेपाल",,0984-1303141,"+977 984-1303141","27.674226,85.385389",,,establishment,https://plus.google.com/100523242220674558554/about?hl=en-US,,ChIJZyTAjW8a6zkRsVDcoABR1vE
"Mountain Hardwear","Tridevi Sadak, 44600, Nepal","Tridevi Sadak",01-4411800,"+977 1-4411800","27.71405,85.31372",,,"clothing_store / store / establishment",https://plus.google.com/102874940956206319298/about?hl=en-US,http://www.mountainhardwear.com.np,ChIJKwDtf_0Y6zkRqg9qYgl0y-A
"BL Printing Press","Dharma Chakra Marga, Kathmandu 44600, Nepal","Dharma Chakra Marga, Kathmandu",0984-1379274,"+977 984-1379274","27.705185,85.318124",,,establishment,https://plus.google.com/104161744245162709488/about?hl=en-US,,ChIJza_FB6oZ6zkRwihCHvIZOe4
"Handmade Handicraft","46 thamel margh, thahity, kathmandu 44601, Nepal","46 thamel margh, thahity, kathmandu",01-4264660,"+977 1-4264660","27.710886,85.311144",,,"store / museum / establishment",https://plus.google.com/116980640581992372288/about?hl=en-US,http://www.handmadeexpo.com/,ChIJ_euWf_4Y6zkR2drVUnLlHUE
"Nepal Silk","Khusibun, Kathmandu 44600, Nepal","Khusibun, Kathmandu",01-4358498,"+977 1-4358498","27.71876,85.306244",,,"clothing_store / store / establishment",https://plus.google.com/110223164104273488415/about?hl=en-US,http://www.nepal-silk.com/,ChIJI7S95OQY6zkR-X-ushTr5I0
dotsncolors.com,"Bag Bazaar Rd, Kathmandu 44605, Nepal","Bag Bazaar Rd, Kathmandu",01-4259369,"+977 1-4259369","27.705353,85.318925",,,establishment,https://plus.google.com/100066911020408425028/about?hl=en-US,http://dotsncolors.com,ChIJ0drW_6kZ6zkR5ZIr7rW7uuo
"Bishranti party palace and catering services","Sachetan Marga 1, Kathmandu 44600, Nepal","Sachetan Marga 1, Kathmandu",0985-1043236,"+977 985-1043236","27.693326,85.345094",,,"food / establishment",https://plus.google.com/103362176079389240196/about?hl=en-US,http://www.bisranti.com/,ChIJKXch_4YZ6zkReo5XtVJ4Eus
"Nepal Hidden Treks and Expedition P. Ltd","Gaa Hiti Road, Kathmandu 44600, Nepal","Gaa Hiti Road, Kathmandu",01-4429434,"+977 1-4429434","27.716165,85.312702",,,"travel_agency / establishment",https://plus.google.com/111668239563379850331/about?hl=en-US,http://www.himalayatrip.com/,ChIJk4DrQP0Y6zkRYiPoEg0l5io
"Yellowpage Nepal Pvt. Ltd","Bagbazar, Opposite to PK College, Kathmandu 44601, Nepal","Bagbazar, Opposite to PK College, Kathmandu",01-4248668,"+977 1-4248668","27.70532,85.319126",,3.9,establishment,https://plus.google.com/110312052205610811782/about?hl=en-US,http://www.yellowpagesnepal.com/,ChIJia7j_akZ6zkRsmH2dsowOq4
"Oknepal Inc","tridevi Marg, Thamel, Kathmandu, Kathmandu 19698, Nepal","tridevi Marg, Thamel, Kathmandu, Kathmandu",0985-1000077,"+977 985-1000077","27.714172,85.313633",,,"store / establishment",https://plus.google.com/103567004309578498487/about?hl=en-US,http://www.okbiz.co.uk/,ChIJ0zXUgQIZ6zkRLT2E9PtvHQE
"Skyline Treks & Expedition (P) Ltd.","Thamel Marg, Kathmandu 14221, Nepal","Thamel Marg, Kathmandu",01-4269197,"+977 1-4269197","27.71407,85.31125",,,"travel_agency / establishment",https://plus.google.com/105506344243711089450/about?hl=en-US,http://www.skylinetreks.com/,ChIJp3er6fwY6zkRDUPAmTWHzQQ
"Good Karma Trekking Pvt. Ltd.","Thamel 29, kathmandu Nepal 44600, Nepal","Thamel 29, kathmandu Nepal",01-4700725,"+977 1-4700725","27.713527,85.311109",,5,"travel_agency / establishment",https://plus.google.com/117412829356669041176/about?hl=en-US,http://www.goodkarmatrekking.com/,ChIJVVXFlwIZ6zkRC_8crTKhMzc
"Global Link Tours & Travel","Bikramshila Mahavihar ( Bhagawan Bahal) Tham Bahee, Amrit Marg, Kathmandu 00977, Nepal","Bikramshila Mahavihar ( Bhagawan Bahal) Tham Bahee, Amrit Marg, Kathmandu",01-4440560,"+977 1-4440560","27.715915,85.312413",,4.8,"travel_agency / establishment",https://plus.google.com/100675515440374141686/about?hl=en-US,http://globallinktours.com/,ChIJA3fyaf0Y6zkRNThhbOrnVp8
"High Altitude Treks & Expedition P Ltd","J P Marg, Kathmandu 44600, Nepal","J P Marg, Kathmandu",01-4212876,"+977 1-4212876","27.71205,85.310082",,,"travel_agency / establishment",https://plus.google.com/105411255396547591191/about?hl=en-US,http://highaltitudetreks.com/,ChIJfZNTOfwY6zkRDiEaaf3zpgc
"Ropeway Nepal","Jwagal, Kupondole, Kathmandu 44600, Nepal","Jwagal, Kupondole, Kathmandu",0985-1001008,"+977 985-1001008","27.684601,85.323933",,,establishment,https://plus.google.com/109398086534848977553/about?hl=en-US,http://www.ropewaynepal.com/,ChIJ3WJnh7cZ6zkR2tAgftTPjpo
"Jyoti Shree Nepal Pvt Ltd","Teku road, Near Stadium, Kathmandu, Nepal","Teku road, Near Stadium, Kathmandu",0985-1023882,"+977 985-1023882","27.695357,85.303927",,,"hardware_store / store / establishment",https://plus.google.com/116560298009792222418/about?hl=en-US,http://www.jyotishreenepal.com/,ChIJq6qqelAY6zkR-KDKE5zfV7s
"Adventure International Trekking (P).Ltd.","Thamel Marg, Kathmandu 3749, Nepal","Thamel Marg, Kathmandu",01-4418651,"+977 1-4418651","27.717639,85.311814",,,"travel_agency / establishment",https://plus.google.com/112690794785857692294/about?hl=en-US,http://www.advnepaltrekking.com/,ChIJLdIGT-IY6zkRb5CoymA2O7M
"Innovative Forum for Community Development","Shrinkhala Galli, 44600, Nepal","Shrinkhala Galli",01-4154731,"+977 1-4154731","27.680338,85.338505",,,"health / establishment",https://plus.google.com/115650740863309324288/about?hl=en-US,http://www.ifcd.org.np,ChIJzdj5bOsZ6zkRoUV9Cz_iZnw
"Ace the Himalaya","A1 Business complex, Thamel Marg, Kathmandu 44600, Nepal","A1 Business complex, Thamel Marg, Kathmandu",01-4423719,"+977 1-4423719","27.717098,85.311809",,,"travel_agency / establishment",https://plus.google.com/115141847584973856121/about?hl=en-US,http://www.acethehimalaya.com/,ChIJnSc8Mv0Y6zkRqv_9n9su5jw
"Hard Rock Treks & Expedition Pvt. Ltd.","Maitripura Mahavihara, Thamel Marg, Kathmandu 44600, Nepal","Maitripura Mahavihara, Thamel Marg, Kathmandu",01-4263375,"+977 1-4263375","27.712565,85.311226",,,"travel_agency / establishment",https://plus.google.com/116353927771669589475/about?hl=en-US,http://www.hardrocktreks.com/,ChIJO5cFtf0Y6zkR7ch1-ul8e6w
"Himalayan pre-fab P. LTD","Lainchaur, Nepal Scout parkings, Kathmandu, Nepal","Lainchaur, Nepal Scout parkings, Kathmandu",01-4024038,"+977 1-4024038","27.717801,85.315854",,,establishment,https://plus.google.com/118379428485062584987/about?hl=en-US,http://www.ecohomesnepal.com/,ChIJt6HdJR0Z6zkRDjShHbczgxA
"Candid Services Pvt. Ltd.","Buddhanagar, Kathmandu 44600, Nepal","Buddhanagar, Kathmandu",01-4785454,"+977 1-4785454","27.688886,85.331261",,,establishment,https://plus.google.com/108168212122609921789/about?hl=en-US,http://www.candidservice.com/,ChIJ2Ro3LrwZ6zkRz9VJylERUV8
"Maiti Nepal","Pingalasthan, Kathmandu 44600, Nepal","Pingalasthan, Kathmandu",01-4492904,"+977 1-4492904","27.704084,85.347256",,4.4,establishment,https://plus.google.com/103765036619485590368/about?hl=en-US,http://www.maitinepal.org/index.php,ChIJYyznV4IZ6zkRB0GEIVMNt58
"Mac Web Solution","Bagbazar, Kathmandu 44600, Nepal",Kathmandu,01-4267419,"+977 1-4267419","27.705586,85.320736",,,establishment,https://plus.google.com/104887778398577222839/about?hl=en-US,http://www.macweb.com.np/,ChIJEZbRfAcZ6zkRXoXkGS62DtQ
"Mac Web Solution","Bagbazar, Kathmandu 44600, Nepal",Kathmandu,0980-8934662,"+977 980-8934662","27.705595,85.320585",,,establishment,https://plus.google.com/115867838701214526408/about?hl=en-US,http://www.macweb.com.np/,ChIJk5b-YgcZ6zkRr1308vR5Rgk
"Pulchowk Engineering Campus","Patandhoka Road, Patan 44700, Nepal","Patandhoka Road, Patan",,,"27.682843,85.323314",,4.6,"university / establishment",https://plus.google.com/101206645944320850273/about?hl=en-US,http://www.ioe.edu.np/,ChIJ-YnOBrYZ6zkRBZ4Tji_nI3Q
"Utmost Adventure Trekking (P) Ltd.","Narsingh Chowk Marga, Kathmandu 20510, Nepal","Narsingh Chowk Marga, Kathmandu",01-4700095,"+977 1-4700095","27.714594,85.310629",,,"travel_agency / establishment",https://plus.google.com/101344468136996432010/about?hl=en-US,http://www.utmostadventure.com/,ChIJedyp_PwY6zkR6hXcXb_U71o
"Outdoor Himalayan Treks","Thamel Road Bhagawati, Kathmandu 44600, Nepal","Thamel Road Bhagawati, Kathmandu",01-4423750,"+977 1-4423750","27.716566,85.311359",,,"travel_agency / establishment",https://plus.google.com/106516717013996798777/about?hl=en-US,http://www.outdoorhimalayan.com/,ChIJnwiKK_0Y6zkR26SIhIbbOok
"Royal Beach Nepal Office At Kathmandu Nepal","Thamel, Kathmandu, Nepal",Kathmandu,0974-1010866,"+977 974-1010866","27.711836,85.312679",,,"store / park / natural_feature / establishment",https://plus.google.com/107006270025739074327/about?hl=en-US,http://www.royalbeachnepal.com/,ChIJryA27_0Y6zkRIs6kl4IUzgw
"Decor N Design","Durbarmarg, Kathmandu, Nepal","Durbarmarg, Kathmandu",01-4220473,"+977 1-4220473","27.710706,85.318064",,,"home_goods_store / store / establishment",https://plus.google.com/112429578570720931637/about?hl=en-US,http://decorndesign.com.np/,ChIJRXhCWgEZ6zkRPtLMQRAovLc
"Independent Trekking Guide in Nepal","Baidya House (Nepal Trekking), Kathmandu 00977, Nepal","Baidya House (Nepal Trekking), Kathmandu",01-4422021,"+977 1-4422021","27.715236,85.3102",,,establishment,https://plus.google.com/118208877502337426838/about?hl=en-US,http://www.independenttrekguideinnepal.blogspot.com/,ChIJe67J6fwY6zkRNEHPKxpY-CE
"Kanchenjunga trek","Thamel, Lekhanath Marga, Kathmandu, Near the Amrit college, Kathmandu 44601, Nepal","Thamel, Lekhanath Marga, Kathmandu, Near the Amrit college, Kathmandu",0984-1274906,"+977 984-1274906","27.718314,85.311487",,,"travel_agency / establishment",https://plus.google.com/112617773676378713596/about?hl=en-US,http://www.trekkingnepal1.blogspot.com/2011/01/kanchanjunga-trek-in-nepal.html,ChIJGWl75-IY6zkRaTGSyuCJ3LM
"Tours and Treks Mountain Nepal Pvt. Ltd.","Thamel Marg, Nurshing Chowk, Thamel, Kathmandu 44600, Nepal","Thamel Marg, Nurshing Chowk, Thamel, Kathmandu",01-4218461,"+977 1-4218461","27.714043,85.31127",,,"travel_agency / establishment",https://plus.google.com/117740686315440662512/about?hl=en-US,http://www.treknepaltour.com/,ChIJSwPnAP0Y6zkRHt0d4vOMA88
"Sports Tours and Travel","Ashok Galli, Amrit Marg, Kathmandu 19503, Nepal","Ashok Galli, Amrit Marg, Kathmandu",01-4264964,"+977 1-4264964","27.71261,85.31205",,,"travel_agency / establishment",https://plus.google.com/113006230117767450377/about?hl=en-US,http://www.sportsnepaltour.com/,ChIJcVnH3P0Y6zkRyv7SWZt_UjA
"My cafe.","Swayambhu Marg, Kathmandu 44600, Nepal","Swayambhu Marg, Kathmandu",,,"27.714724,85.293989",,,"cafe / food / establishment",https://plus.google.com/100548522168323730913/about?hl=en-US,http://www.mycafe.com/,ChIJ6_-XwPIY6zkR_cbaPJM16FI
"Tribhuvan University Institute of Enginnering","Hariharbhawan, Lalitpur, Nepal","Hariharbhawan, Lalitpur",,,"27.681053,85.318531",,,"university / establishment",https://plus.google.com/113404086104046129912/about?hl=en-US,http://www.ioe.edu.np/,ChIJCaxk0LcZ6zkR3_Pm_08tuc8
"Nepal Consulate of the Republic of The Philippines","Ring Road, Kathmandu 44600, Nepal","Ring Road, Kathmandu",01-4478301,"+977 1-4478301","27.6893,85.35127",,,"embassy / establishment",https://plus.google.com/106653047587199337104/about?hl=en-US,http://voith.com.np/philcongen/,ChIJ3dHWZokZ6zkRH1QGoOzSkzo
"Panorama View Tower Resort","Bhaktapur Road, Bhaktapur 00977, Nepal","Bhaktapur Road, Bhaktapur",0985-1181383,"+977 985-1181383","27.679151,85.402435",,,establishment,https://plus.google.com/104330031912285378286/about?hl=en-US,,ChIJmX2ZHowa6zkRIH4bI1vttm4
"Nepal Trekking","Durbar Marg, Kathmandu 44601, Nepal","Durbar Marg, Kathmandu",0980-8692197,"+977 980-8692197","27.711058,85.31741",,,"travel_agency / establishment",https://plus.google.com/109012575746157489481/about?hl=en-US,http://www.nepalholidaystrek.com/index.php?option=com_content&view=article&id=753&Itemid=783,ChIJASyNXwEZ6zkR5WKwXI5egwo
"Himali Advertising Agency (P) Ltd","Bagbazar, Kathmandu Nepal, Nepal","Kathmandu Nepal",01-4223489,"+977 1-4223489","27.705785,85.318922",,,establishment,https://plus.google.com/118444825066278239869/about?hl=en-US,http://www.adagencynepal.com/,ChIJO-QzUQcZ6zkRy55bdiAABz0
"Equal Access Nepal","Sanepa, Lalitpur 44600, Nepal",Lalitpur,,,"27.678578,85.31079",,,establishment,https://plus.google.com/114538600113153609336/about?hl=en-US,http://www.equalaccess.org.np/,ChIJjRlgVDQY6zkRCUOvfDFOPPM
"Shree Dakshin Barahi Brick Factory","New Baneshwor Chowk, Kathmandu 44600, Nepal","New Baneshwor Chowk, Kathmandu",01-4780969,"+977 1-4780969","27.688045,85.335053",,,establishment,https://plus.google.com/104707088469353402146/about?hl=en-US,http://www.dakshinbarahi.com/,ChIJgwxv45UZ6zkRbhlOigC5VPI
"Annapurna Foot-hills Treks & Expedition (P) Ltd","Boudha, Naya Basti - 4, Kathmandu 00977, Nepal","Boudha, Naya Basti - 4, Kathmandu",01-6211187,"+977 1-6211187","27.700304,85.333707",,,"travel_agency / establishment",https://plus.google.com/106346727797577338347/about?hl=en-US,http://www.islandpeakclimbingnepal.com/,ChIJR3Xp-aEZ6zkRnSVrIMmzfh8
"Hotel Blue Horizon","Keshar Mahal Marg, 44600, Nepal","Keshar Mahal Marg",01-4413028,"+977 1-4413028","27.715769,85.314042",,3.7,"lodging / establishment",https://plus.google.com/103054331441034484630/about?hl=en-US,http://www.hotelbluehorizon.com,ChIJK0P1owIZ6zkRBCFteVG4SPM
Ambassador,"Lazimpat Road, Kathmandu 44600, Nepal","Lazimpat Road, Kathmandu",01-4410432,"+977 1-4410432","27.72109,85.319755",,4.4,"lodging / establishment",https://plus.google.com/115006697165071356632/about?hl=en-US,http://ambassador.com.np/,ChIJJbLJuxAZ6zkR_cNg8RKM46c
"Royal Penguin Boutique Hotel Pvt. Ltd","J.P. Rd, Thamel, Chetrapati, 44600, Nepal","J.P. Rd, Thamel, Chetrapati",01-4215013,"+977 1-4215013","27.711769,85.308955",,,"lodging / establishment",https://plus.google.com/108497246069088160317/about?hl=en-US,http://royalpenguinhotel.com/,ChIJsyZqDvwY6zkRbJ2Cb_jUm7g
"The British School","झम्सिखेल, 44600, Nepal",झम्सिखेल,01-5544442,"+977 1-5544442","27.681532,85.311522",,4.5,"school / establishment",https://plus.google.com/115876113808788097109/about?hl=en-US,http://tbskathmandu.org,ChIJdciBgkoY6zkRSHH5UqkwZQc
"Nepal Telecom","Pulchowk Road, Lalitpur 44600, Nepal","Pulchowk Road, Lalitpur",,,"27.67218,85.313541",,4.1,establishment,https://plus.google.com/116863744058951201416/about?hl=en-US,http://www.ntc.net.np/,ChIJaSTgQMoZ6zkRGATCL9zSrYM
"Mega Adventures International Pvt .Ltd.","Thamel Road, Kathmandu 44601, Nepal","Thamel Road, Kathmandu",01-4266559,"+977 1-4266559","27.71317,85.312603",,,"travel_agency / establishment",https://plus.google.com/103084552923892937603/about?hl=en-US,http://www.megaadventuresintl.com/,ChIJy0D4L_0Y6zkRuGhFAa2nkDY
"Nepal Footprint Holiday Treks P. Ltd.","Chaksibari Marg, Kathmandu 44600, Nepal","Chaksibari Marg, Kathmandu",01-4701091,"+977 1-4701091","27.717097,85.310276",,,"park / establishment",https://plus.google.com/101455151781379116653/about?hl=en-US,http://www.treknepalhimalaya.com/,ChIJyxH-y_wY6zkRJlT3unAlss4
"Alternative Technology","Tafuaswan Marg, Khusibun, Kathmandu, Nepal","Tafuaswan Marg, Khusibun, Kathmandu",01-4387977,"+977 1-4387977","27.717934,85.304213",,,establishment,https://plus.google.com/116611135188549800926/about?hl=en-US,http://www.alternative.com.np/,ChIJxzkjQuUY6zkRnksTGRF0JCA
"Namya Educational Consultancy","Ganeshthan, Tarkari Bazar, Chabahil, Kathmandu 66800, Nepal","Ganeshthan, Tarkari Bazar, Chabahil, Kathmandu",01-4487883,"+977 1-4487883","27.716746,85.344189",,,establishment,https://plus.google.com/110880646985655846950/about?hl=en-US,http://www.namya.webs.com/,ChIJFSk4DHAZ6zkRwpmSZRF_NVM
"Sagar InfoSys","Purano Dafter, Kathmandu 44600, Nepal","Purano Dafter, Kathmandu",01-4245058,"+977 1-4245058","27.701595,85.307958",,,establishment,https://plus.google.com/109733957131655035357/about?hl=en-US,http://www.sagar.com.np/,ChIJAb5wg1YY6zkRgLIN149ozFQ
"Alliance Treks & Expedition (P). Ltd","Chhetrapati, J. P. School Road, Thamel, Kathmandu, Nepal 44600, Nepal","Chhetrapati, J. P. School Road, Thamel, Kathmandu, Nepal",01-4226667,"+977 1-4226667","27.712183,85.310549",,,"travel_agency / establishment",https://plus.google.com/107467862273341961103/about?hl=en-US,http://www.gototrek.com/,ChIJT_msN_wY6zkREGNbTxfHZWk
"Amazing Authentic Treks & Expedition (p) Ltd.","Baidya House (Nepal Trekking), Kathmandu 00977, Nepal","Baidya House (Nepal Trekking), Kathmandu",01-6913457,"+977 1-6913457","27.712463,85.3113",,,"travel_agency / establishment",https://plus.google.com/112159321764466577626/about?hl=en-US,http://www.amazingauthentictreks.com/,ChIJU9kg1_wY6zkRKrr9N-Ny7mQ
"Red Panda Himalayan Adventure","A-One Business Complex (With Everest Bank), KMC-29, Thamel, Kathmandu, Nepal, Kathmandu 44601, Nepal","A-One Business Complex (With Everest Bank), KMC-29, Thamel, Kathmandu, Nepal, Kathmandu",01-4422070,"+977 1-4422070","27.716437,85.311915",,,"travel_agency / establishment",https://plus.google.com/114892832589166371919/about?hl=en-US,http://www.mountaintrekkinginnepal.com/,ChIJ7XSCNv0Y6zkRsbdm8AiIWLo
"IT World Traders","Sidhhi Charan Chowk, Om Bahal, New Road, Siddhicharan Marg, Kathmandu 44600, Nepal","Sidhhi Charan Chowk, Om Bahal, New Road, Siddhicharan Marg, Kathmandu",01-4242956,"+977 1-4242956","27.701872,85.308403",,,"electronics_store / store / establishment",https://plus.google.com/102388229896586438790/about?hl=en-US,http://www.sagar.com.np/,ChIJl_92KlQY6zkRRTujt8MPWaM
"Broadway Infosys Nepal","Tinkune,Subidhanagar, Kathmandu, Shriganesh Marg, Kathmandu 44600, Nepal","Tinkune,Subidhanagar, Kathmandu, Shriganesh Marg, Kathmandu",01-4117578,"+977 1-4117578","27.685564,85.344592",,4.9,establishment,https://plus.google.com/103760952926080737390/about?hl=en-US,http://broadwayinfosys.com/,ChIJQwBHmY0Z6zkRTNZH-44AfRY
"Nepal Alternative Treks & Expeditions Pvt. Ltd.","Bhagawoti Marg, Thamel 44600, Nepal","Bhagawoti Marg, Thamel",0985-1130491,"+977 985-1130491","27.716015,85.31152",,,"travel_agency / establishment",https://plus.google.com/100051397984778899666/about?hl=en-US,http://www.nepalhikingtrip.com/,ChIJiSyeJf0Y6zkRzpWeyJJyHnM
"Trek into Thin Air Pvt. Ltd.","Thamel Marga, Thahity, Kathmandu, Nepal 19535, Nepal","Thamel Marga, Thahity, Kathmandu, Nepal",0974-1094427,"+977 974-1094427","27.710696,85.310887",,,"travel_agency / establishment",https://plus.google.com/110287863085161230772/about?hl=en-US,http://www.trekintothinair.com/,ChIJnX79gP4Y6zkRDYecW-Dm-Do
"Exotic Mt. Treks Pvt. Ltd.","Chaksibari Marg, Kathmandu 44600, Nepal","Chaksibari Marg, Kathmandu",01-4700489,"+977 1-4700489","27.715018,85.310425",,,"travel_agency / establishment",https://plus.google.com/106273521201992176215/about?hl=en-US,http://www.treksinfo.com/,ChIJHWcD5vwY6zkRDkBRdfhmmGY
"Himalayan Glacier Trekking","Paryatan Marg, Kathmandu 44600, Nepal","Paryatan Marg, Kathmandu",01-4411387,"+977 1-4411387","27.714704,85.311128",,4.5,"travel_agency / establishment",https://plus.google.com/109226940240683879644/about?hl=en-US,http://www.himalayanglacier.com/,ChIJ82JoHf0Y6zkRQXnzAHlLsvc
"Nepal Telecom","Singha Durbar, Kathmandu 44600, Nepal",Kathmandu,01-4210098,"+977 1-4210098","27.700129,85.312572",,3.8,establishment,https://plus.google.com/112947336560043952269/about?hl=en-US,http://www.ntc.net.np/,ChIJTX1Mo1QY6zkRlzvcAzggIU8
"Eco-friendly Treks & Expedition Pvt. Ltd","Thamel, Kathmandu, Nepal",Kathmandu,0985-1066416,"+977 985-1066416","27.717625,85.303825",,,"travel_agency / establishment",https://plus.google.com/100794076564613680386/about?hl=en-US,http://www.nepalholiday.com/,ChIJRRlEMv0Y6zkRm4OxYw2R12Q
"Muncha Internet Ventures","New Road, Kathmandu 44600, Nepal","New Road, Kathmandu",01-4226223,"+977 1-4226223","27.70326,85.312075",,,establishment,https://plus.google.com/115911077460255038873/about?hl=en-US,http://www.muncha.com/,ChIJJ9w2PFUY6zkRgGj6NRsdMXM
Muncha.com,"Kupondole, Patan, Nepal",Patan,01-5535757,"+977 1-5535757","27.686767,85.31373",,,"store / finance / establishment",https://plus.google.com/101202462714108393613/about?hl=en-US,http://www.muncha.com/,ChIJ6ZflsrQZ6zkRMxhQbnFz8yw
"Nepal Telecom","Hariharbhawan, Lalitpur 44600, Nepal","Hariharbhawan, Lalitpur",,,"27.68001,85.317609",,,establishment,https://plus.google.com/102400921293895827663/about?hl=en-US,http://www.ntc.net.np/,ChIJ55OVOMoZ6zkRLCOSh-V2KF0
"Highlander Trekking & Expedition","Thamel, Chaksibari Marg, Kathmandu 44601, Nepal","Thamel, Chaksibari Marg, Kathmandu",01-4700066,"+977 1-4700066","27.71541,85.310282",,,"travel_agency / establishment",https://plus.google.com/108821050769896040295/about?hl=en-US,http://www.highlandernepal.com/,ChIJkYXXA_0Y6zkR-u9VcuFKQEo
"Tour Nepal With Frens Himalayan Travels and Treks Pvt. Ltd.","Bhagawati Bahal, 29, Thamel, Kathmandu 44601, Nepal","Bhagawati Bahal, 29, Thamel, Kathmandu",01-4414766,"+977 1-4414766","27.717549,85.311836",,4.8,"travel_agency / establishment",https://plus.google.com/103810392618750589118/about?hl=en-US,http://www.greatadventurous.com/,ChIJ6ZuBz-IY6zkR3Y2IRijvNSs
"Mother Land Nepal Trekking and Expedition Pvt. Ltd","Narsingh Chowk Marg, Kathmandu 44600, Nepal","Narsingh Chowk Marg, Kathmandu",01-4251040,"+977 1-4251040","27.713991,85.311387",,,"travel_agency / establishment",https://plus.google.com/106165139265248059930/about?hl=en-US,http://www.treknepals.com/,ChIJ3WlAB_0Y6zkREK_sXBFP25g
"Makalu Adventure Pvt. Ltd.","Amrit Marg, Kathmandu 44600, Nepal","Amrit Marg, Kathmandu",01-4417522,"+977 1-4417522","27.715374,85.312608",,,"travel_agency / establishment",https://plus.google.com/111700032950058606550/about?hl=en-US,http://www.makaluadventure.com/,ChIJIUYEav0Y6zkRV0F_FbYc_6Q
"Peak Promotion Pvt. Ltd.","Jayatha Tole, Kathmandu 00977, Nepal","Jayatha Tole, Kathmandu",01-4263115,"+977 1-4263115","27.712109,85.31298",,,"travel_agency / establishment",https://plus.google.com/104602172545203114344/about?hl=en-US,http://peakpromotionnepal.com/,ChIJzXxp5_0Y6zkRDJ0Tar6-EvY
"Nepal Trekking Guide Group","JP ROAD, Thamel Kathmandu 44601, Nepal","JP ROAD, Thamel Kathmandu",0984-1617816,"+977 984-1617816","27.712425,85.310997",,,"travel_agency / establishment",https://plus.google.com/111738271229591657808/about?hl=en-US,http://hiretrekkingguideinnepal.blogspot.com/,ChIJ2QqoSvwY6zkRQMwT7NFwpQ8
"Anugraha Church","East-West Highway, Manahari 44100, Nepal","East-West Highway, Manahari",0984-5540769,"+977 984-5540769","27.541555,84.805339",,,"church / place_of_worship / establishment",https://plus.google.com/100523787780716397422/about?hl=en-US,http://www.churchesnetwork.com/,ChIJdfunGtLIlDkR0IEp7sTIC1c
"Amrita Craft Pvt. Ltd","Opposite J.P. School, 1st floor, Thamel, Post box 2313, Kathmandu, Nepal","Opposite J.P. School, 1st floor, Thamel, Post box 2313, Kathmandu",01-4244345,"+977 1-4244345","27.712429,85.310385",,,"store / establishment",https://plus.google.com/106918753016740734954/about?hl=en-US,http://www.amritacraft.com/,ChIJf2V_SPwY6zkRfCq89wjbBhA
"Sagar Group","Way to Siuchatar, Master Marg 623, Kathmandu 00977, Nepal","Way to Siuchatar, Master Marg 623, Kathmandu",01-4036508,"+977 1-4036508","27.695631,85.278968",,,"electronics_store / store / establishment",https://plus.google.com/102397451214104732700/about?hl=en-US,http://www.sagar.com.np/,ChIJs-gstHsY6zkRsp14yp4oNCU
"Best Web Hosting Nepal","Thamel Road, Kathmandu 00977, Nepal","Thamel Road, Kathmandu",01-4258665,"+977 1-4258665","27.710145,85.314095",,,establishment,https://plus.google.com/117233686781136125424/about?hl=en-US,http://bestwebhostingnepal.com/,ChIJd4RV5AEZ6zkRuS8yU7CyW5w
"Sagar Printing Solution Pvt. Ltd.","Building No. 623, Master Marg, Siuchatar, Kalanki, Kathmandu 00977, Nepal","Building No. 623, Master Marg, Siuchatar, Kalanki, Kathmandu",01-4036508,"+977 1-4036508","27.69564,85.278861",,,establishment,https://plus.google.com/117353394946383311141/about?hl=en-US,http://www.sagar.com.np/,ChIJkfR8tnsY6zkRnOj6KIhV-AA
"e-Live Store","Nepal Scout Bldg, Leknath Marg, Kathmandu 44600, Nepal","Nepal Scout Bldg, Leknath Marg, Kathmandu",01-4412851,"+977 1-4412851","27.717527,85.315946",,,"electronics_store / store / establishment",https://plus.google.com/101842859136366091786/about?hl=en-US,http://www.sagar.com.np/,ChIJs0_fKB0Z6zkRn4sB6RzYlU0
"Visit Nepal","P.O.Box: 23044, Chamati, Kathmandu, Nepal, Kathmandu 00977, Nepal","P.O.Box: 23044, Chamati, Kathmandu, Nepal, Kathmandu",01-4422021,"+977 1-4422021","27.717183,85.298645",,,establishment,https://plus.google.com/105653490713625864252/about?hl=en-US,http://www.visitsinnepal.blogspot.com/,ChIJF-KQD-4Y6zkRpFmfiBQ1LYs
treknp.com,"Thamel, kathmandu, Nepal, Kathmandu 44601, Nepal","Thamel, kathmandu, Nepal, Kathmandu",0984-1720162,"+977 984-1720162","27.714265,85.311237",,,"travel_agency / establishment",https://plus.google.com/115569355518792114963/about?hl=en-US,http://www.treknp.com/,ChIJkYXXA_0Y6zkRPOnu-5kNd7k
"Best Web Hosting Nepal","Jyatha Marg, Kathmandu 44600, Nepal","Jyatha Marg, Kathmandu",01-4267817,"+977 1-4267817","27.710163,85.314067",,4.8,establishment,https://plus.google.com/100826094118162273872/about?hl=en-US,http://www.bestwebhostingnepal.com,ChIJxQKsGv4Y6zkRAx0BxXCU1wQ
"Building Research Institute (P) Ltd","Lakhatirtha Marg, Kathmandu, Nepal","Lakhatirtha Marg, Kathmandu",01-4276150,"+977 1-4276150","27.70907,85.300301",,,establishment,https://plus.google.com/102376315908704187113/about?hl=en-US,http://buildingresearch.com.np,ChIJsyN55_YY6zkRT08w8iuzPXg
"Asahi Treks & Expeditions","Thamel Marg, Kathmandu 44600, Nepal","Thamel Marg, Kathmandu",01-4411519,"+977 1-4411519","27.716988,85.311692",,,"travel_agency / establishment",https://plus.google.com/107466381726540201217/about?hl=en-US,http://www.asahitreks.com/,ChIJB9v10uIY6zkRN2iun3RFpSw
"HIMALAYAN NIRVANA TREKKING P. LTD","FAX : 977-1-4438162,GPO BOX : 7569, Kathmandu , Nepal, Amrit Marg, Kathmandu 44600, Nepal","FAX : 977-1-4438162,GPO BOX : 7569, Kathmandu , Nepal, Amrit Marg, Kathmandu",01-6221924,"+977 1-6221924","27.716064,85.312417",,,"travel_agency / establishment",https://plus.google.com/106613421279708696338/about?hl=en-US,http://www.nirvanatrekking.com.np,ChIJ5czGR_0Y6zkRuBKMrsyn1x0
"Alpine Exodus Pvt. Ltd.","Thamel, Kathmandu, Nepal",Kathmandu,0985-1088345,"+977 985-1088345","27.716072,85.311015",,,"travel_agency / establishment",https://plus.google.com/105925462197575305959/about?hl=en-US,http://www.alpineexodus.com/,ChIJb7Hw1_wY6zkR_hkdCbbLkM0
"Sasto Deal","Malla Complex 3rd Floor, Tripureshwor, Kathmandu, Kathmandu 0, Nepal","Malla Complex 3rd Floor, Tripureshwor, Kathmandu, Kathmandu",01-4222951,"+977 1-4222951","27.694628,85.310762",,,establishment,https://plus.google.com/102477854683798473626/about?hl=en-US,http://www.sastodeal.com/,ChIJdxWW2wAZ6zkRrNC8ADSAjDg
"Nepal Telecom","Maligaon, Kathmandu 44600, Nepal",Kathmandu,,,"27.714686,85.32997",,,establishment,https://plus.google.com/110030754029442988621/about?hl=en-US,http://www.ntc.net.np/,ChIJi775zA0Z6zkREhyEN7sJFNI
"High Mountain Wave Trekking","Thamel, Kathmandu, Chaksibari Marga, Kathmandu 44601, Nepal","Thamel, Kathmandu, Chaksibari Marga, Kathmandu",01-4700870,"+977 1-4700870","27.717715,85.3102",,,"travel_agency / establishment",https://plus.google.com/110054853927860037627/about?hl=en-US,http://www.highmountaintrek.com/,ChIJjTGsO-MY6zkRTccptpM5jL4
"Umico Garment Industry Pvt. Ltd.","Thamel Marg, 44600, Nepal","Thamel Marg",01-4412368,"+977 1-4412368","27.715316,85.311341",,,"clothing_store / food / store / shopping_mall / establishment",https://plus.google.com/105549518256480777487/about?hl=en-US,http://www.umicoindustry.com,ChIJBUgTIv0Y6zkRBUkXgUuiLUI
"Everest College","जेसिस मार्ग, 44600, Nepal","जेसिस मार्ग",01-4229653,"+977 1-4229653","27.692643,85.317594",,,"university / establishment",https://plus.google.com/115395369082839880367/about?hl=en-US,http://www.everestcollege.edu.np,ChIJ9z1abLIZ6zkRxYr_Vh-hntQ
"Ramdung Expedition Pvt. Ltd","Jyatha street, Thamel, Kathmandu, Kathmandu 44601, Nepal","Jyatha street, Thamel, Kathmandu",0985-1072429,"+977 985-1072429","27.712795,85.311981",,,"travel_agency / establishment",https://plus.google.com/103842219224582959885/about?hl=en-US,http://www.nepalexpeditions.biz/,ChIJoUVIo_0Y6zkRWNWOFd_sHhE
"Nepal Telecom","Araniko Highway, Kathmandu 44600, Nepal","Araniko Highway, Kathmandu",,,"27.691214,85.327227",,,establishment,https://plus.google.com/113386098114234896148/about?hl=en-US,http://www.ntc.net.np,ChIJc-GbBrsZ6zkRDW2YxwH9jQE
"Brother Nepal Service Center","Siddhi Charan Chowk, Daftar Road, Way to Om Bahal, New Road, Kathmandu 44600, Nepal","Siddhi Charan Chowk, Daftar Road, Way to Om Bahal, New Road, Kathmandu",01-4233618,"+977 1-4233618","27.701786,85.308462",,,establishment,https://plus.google.com/108556103208269109264/about?hl=en-US,http://www.sagar.com.np/,ChIJvwAJKlQY6zkRIUMaacIpdcI
"Holiday Mountain Treks","Amrit Marg, Kathmandu 44601, Nepal","Amrit Marg, Kathmandu",01-4253771,"+977 1-4253771","27.712833,85.312271",,,"travel_agency / establishment",https://plus.google.com/117422300526342895886/about?hl=en-US,http://www.holidaymountaintreks.com/,ChIJxRnivf0Y6zkR3JNIPmG8VwM
"Nepal Telecom Customer Service Counter","Durbar Marg, Kathmandu 44600, Nepal","Durbar Marg, Kathmandu",01-4221700,"+977 1-4221700","27.709317,85.317254",,,establishment,https://plus.google.com/105890401230860541952/about?hl=en-US,http://www.ntc.net.np/,ChIJbeumFgEZ6zkR22JdVutM74c
"Baleyo Nepal Service Center","Siddhi Charan Chowk, Daftar Road, Way to Om Bahal, New Road, Kathmandu 44600, Nepal","Siddhi Charan Chowk, Daftar Road, Way to Om Bahal, New Road, Kathmandu",01-4233618,"+977 1-4233618","27.701858,85.308477",,,"home_goods_store / store / car_repair / establishment",https://plus.google.com/116594711162193337820/about?hl=en-US,http://www.sagar.com.np/,ChIJ5-lwKlQY6zkRTCWNz-igPp8
"Kaspersky Nepal Center","Siddhi Charan Chowk, Daftar Road, Way to Om Bahal, New Road, Kathmandu 44600, Nepal","Siddhi Charan Chowk, Daftar Road, Way to Om Bahal, New Road, Kathmandu",01-4233618,"+977 1-4233618","27.701824,85.308462",,,establishment,https://plus.google.com/117312624979442413252/about?hl=en-US,http://www.sagar.com.np/,ChIJbd90KlQY6zkRH3v97QGUbhA
"Amala international Inc","Kumari Marg, Kathmandu 44605, Nepal","Kumari Marg, Kathmandu",01-4434260,"+977 1-4434260","27.711693,85.329295",,,establishment,https://plus.google.com/108973312755482967568/about?hl=en-US,http://www.amala.com.np/,ChIJWUatqg4Z6zkRee4Fwb9hLtQ
"Unique Computer Concern","Putalisadak, Kathmandu 44600, Nepal","Putalisadak, Kathmandu",01-4239040,"+977 1-4239040","27.705067,85.322689",,,"electronics_store / store / establishment",https://plus.google.com/108423641538390946466/about?hl=en-US,http://www.sagar.com.np/,ChIJXePAGKgZ6zkRAQUpsHmdb0c
"Baleyo IT Store e-Store Concern","Computer Bazar, Ground Floor, Putalisadak, Kathmandu 44600, Nepal","Computer Bazar, Ground Floor, Putalisadak, Kathmandu",01-4424777,"+977 1-4424777","27.70654,85.323021",,,"electronics_store / store / establishment",https://plus.google.com/106218496527657773898/about?hl=en-US,http://www.sagar.com.np/,ChIJE0_s6wcZ6zkRIMjEheD56_o
"Lama Tours Service","Tangal, Kathmandu 44600, Nepal",Kathmandu,01-4425532,"+977 1-4425532","27.720114,85.329593",,,"car_rental / establishment",https://plus.google.com/114514144117209003050/about?hl=en-US,http://www.lamatoursnepal.com/,ChIJH6FOLBIZ6zkR1DKNNCZk2lQ
"ECS Media","Kathmandu, Nepal",Kathmandu,,,"27.686942,85.314524",,,establishment,https://plus.google.com/105497347405115763974/about?hl=en-US,http://www.ecs.com.np/,ChIJaySBlrQZ6zkR--g0-msAAvo
"S.T. Fabrics Pvt. Ltd.","ज्ञानेश्वर मार्ग, 44600, Nepal","ज्ञानेश्वर मार्ग",01-4410326,"+977 1-4410326","27.709174,85.33233",,,"home_goods_store / store / establishment",https://plus.google.com/101610244408547910084/about?hl=en-US,http://stcarpetnepal.wordpress.com/,ChIJk1JKGwsZ6zkRyziHc4CDqfY
"TREK HIMALAYAN NEPAL PVT. LTD.","Bhagawati Marg, Kathmandu 44600, Nepal","Bhagawati Marg, Kathmandu",01-4413931,"+977 1-4413931","27.71273,85.328086",,,"travel_agency / establishment",https://plus.google.com/103357046142975745521/about?hl=en-US,http://www.trekhimalayan.com/,ChIJRRkxuQ4Z6zkRqRc-4ltfZVw
"Bhumi Handcraft","Maitri Marg, Bakhundol, Kathmandu 44600, Nepal","Maitri Marg, Bakhundol, Kathmandu",0984-1736832,"+977 984-1736832","27.684392,85.311584",,,establishment,https://plus.google.com/116115241176368556684/about?hl=en-US,http://www.bhumihandicraft.com/,ChIJA1fp_EoY6zkR6iJPGZwUs80
"Power Communication Pvt. Ltd.","Sanepa, Lalitpur 44600, Nepal",Lalitpur,,,"27.684065,85.311955",,,establishment,https://plus.google.com/107402970393547126626/about?hl=en-US,http://www.powercomm.com.np/,ChIJpXbP5UoY6zkRq2mTSMl7A2I
"Index Furniture Nepal Pvt. Ltd.","Steeltower, Jawalakhel, Lalitpur, Nepal","Steeltower, Jawalakhel, Lalitpur",01-4415181,"+977 1-4415181","27.67015,85.312614",,,"furniture_store / general_contractor / home_goods_store / store / establishment",https://plus.google.com/107912729774832729410/about?hl=en-US,http://www.indexfurniture.com.np/,ChIJZYbIoDIY6zkRwmS2yLWWkXE
"Hygienic Meat Center","घट्‍टेकुलो सडक, 44600, Nepal","घट्‍टेकुलो सडक",0984-1932944,"+977 984-1932944","27.702855,85.329442",,,"food / store / establishment",https://plus.google.com/115636367777046376650/about?hl=en-US,http://www.hmc.com/,ChIJWZsJKqEZ6zkRn6ihy4ywjI0
"Himalaya Rudraksha Bhandar- Pashupati kathmandu","Pashupatinath, Pashupati Nath Temple Area, Kathmandu 44621, Nepal","Pashupatinath, Pashupati Nath Temple Area, Kathmandu",0980-3021519,"+977 980-3021519","27.710272,85.348674",,,"store / establishment",https://plus.google.com/115275368454941039115/about?hl=en-US,http://www.nepalishaligram.doodlekit.com/,ChIJiR7qInkZ6zkRXTlqs9Y1Kbk
"Gandhi and Associates","Anamnagar, Kathmandu 4058, Nepal","Anamnagar, Kathmandu",01-4102880,"+977 1-4102880","27.697081,85.329471",,,"lawyer / establishment",https://plus.google.com/101052406743029520504/about?hl=en-US,http://www.lawgandhi.com/,ChIJ1VBQgqMZ6zkRVJzuDAG0RH4
"Engineering Platform Pvt. Ltd","Bagbazzar,Kathmandu.P.O.Box No:8969,Kathmandu, Kathmandu,Nepal, Kathmandu 44600, Nepal","Bagbazzar,Kathmandu.P.O.Box No:8969,Kathmandu, Kathmandu,Nepal, Kathmandu",0985-1088060,"+977 985-1088060","27.7,85.333333",,,"store / establishment",https://plus.google.com/102589860274164034975/about?hl=en-US,http://www.engnepal.com.np/,ChIJler_HaIZ6zkRzdd6grOm_js
"Nepal Telecom","Bhaisepati, Sainbu 44600, Nepal",Sainbu,,,"27.653746,85.302513",,,establishment,https://plus.google.com/118087397493354379832/about?hl=en-US,http://www.ntc.net.np,ChIJi1aUl4gX6zkRoAF421sA-FY
"Citizens' Campaign for Right to Information (CCRI)","Siddhartha Marga, 44600, Nepal","Siddhartha Marga",01-4781312,"+977 1-4781312","27.684548,85.330025",,,establishment,https://plus.google.com/112930712236849952157/about?hl=en-US,http://www.ccrinepal.org/,ChIJgV6mJL8Z6zkRTwCOGefIiYo
"Nepal Telecom","Pharping, Sheshnarayan 44600, Nepal",Sheshnarayan,01-4710000,"+977 1-4710000","27.614465,85.26559",,,establishment,https://plus.google.com/116634763189617782070/about?hl=en-US,http://www.ntc.net.np/,ChIJDzAEa3k96zkR2FUcpL6UIA0
"Nepal Telecom","इमाडोल मार्ग, 44700, Nepal","इमाडोल मार्ग",,,"27.663023,85.338392",,,establishment,https://plus.google.com/112439693981048847409/about?hl=en-US,http://www.ntc.net.np/,ChIJNwjQFOEZ6zkRglVPo-NjtJI
"Christian Community School 1","Mulpani, Nepal",Mulpani,01-4160047,"+977 1-4160047","27.704513,85.391353",,,"school / establishment",https://plus.google.com/100438706731333895150/about?hl=en-US,http://www.ccs.edu.np/,ChIJUYnKflQa6zkRbgBpnVm8WyU
"Alliance Treks & Expedition P. Ltd.","Chaksibari Marg, 44600, Nepal","Chaksibari Marg",01-4226667,"+977 1-4226667","27.714582,85.310274",,,"travel_agency / establishment",https://plus.google.com/107873099753495352941/about?hl=en-US,http://www.alliancetrek.com,ChIJO8cn8PwY6zkRCrcznyMzSgA
"Frens Himalayan Travel & Treks Pvt. Ltd.","ठमेल-२९, ठमेल मार्ग, 44600, Nepal","ठमेल-२९, ठमेल मार्ग",01-4414766,"+977 1-4414766","27.716116,85.311574",,,"travel_agency / establishment",https://plus.google.com/101338695262783378488/about?hl=en-US,http://www.frenstravel.com,ChIJeSWJL_0Y6zkRLgRGIK8JizQ
"UNIQUE COMPUTER CONCERN","Putalisadak, Kathmandu, Nepal",Kathmandu,01-4239040,"+977 1-4239040","27.702928,85.322345",,,establishment,https://plus.google.com/116556845016737433982/about?hl=en-US,http://www.sagar.com.np,ChIJVWL_IagZ6zkRknkn3kX7bH4
"Nepalese Army School","Nagarkot Road, Nagarkot 44812, Nepal","Nagarkot Road, Nagarkot",,,"27.708326,85.51938",,,establishment,https://plus.google.com/103183860525113470997/about?hl=en-US,http://en.wikipedia.org/wiki/Nepalese_Army,ChIJJ5nUiNUF6zkR6O5-DzTQnTw
"Ganesh Guest House","Sukuldhoka, Bhaktapur 44800, Nepal","Sukuldhoka, Bhaktapur",01-6611550,"+977 1-6611550","27.67261,85.43116",,,"restaurant / lodging / food / establishment",https://plus.google.com/111696878366075163991/about?hl=en-US,http://ganeshguesthouse.com.np/,ChIJG2xdVFYF6zkRj-EJmoqReEE
"Department of Music, Kathmandu University","Lesingkhel Marg, 44800, नेपाल","Lesingkhel Marg",01-6612460,"+977 1-6612460","27.668012,85.430062",,,"school / establishment",https://plus.google.com/113639728633390000343/about?hl=en-US,http://www.asianart.com/associations/kumusic/index.html,ChIJ80J8K6ka6zkR8kT0lYk4OmQ
"Himalayan Height Lodge and Training centre","Dhulikhel -6, Dhulikhe Bus-Park arniko highway, Dhulikhel 44601, Nepal","Dhulikhel -6, Dhulikhe Bus-Park arniko highway, Dhulikhel",011-490242,"+977 11-490242","27.622302,85.553337",,,"lodging / establishment",https://plus.google.com/109683515046893997835/about?hl=en-US,http://www.agoda.com/asia/nepal/dhulikhel/himalayan_height_lodge_and_restaurant.html,ChIJIfssAP0I6zkRMX-klVvWIQ8
"Nepal Telecom","Agriculture Road, Panauti 45209, Nepal","Agriculture Road, Panauti",,,"27.591778,85.516403",,,establishment,https://plus.google.com/115301370374720537975/about?hl=en-US,http://www.ntc.net.np/,ChIJbb4BS7QO6zkReV0wMrWZl7E
"Kannaujia Tent House","State Highway 54, Turkaulia, Bihar 845437, India","State Highway 54, Turkaulia",,,"26.606719,84.826107",,,establishment,https://plus.google.com/105699623780209454226/about?hl=en-US,,ChIJv7NlmjIxkzkRh6X07_U2FZY
"New Maruti Tent House","Clock Tower, H 02, Birgunj, Central Region, Nepal","Clock Tower, H 02, Birgunj, Central Region",,,"27.014836,84.878692",,,"store / establishment",https://plus.google.com/103173018657999903190/about?hl=en-US,,ChIJcba3vkBUkzkRdR0MSPuPRsI
"shiv tent house","NR Rly CRSNG No-35, Ward-7, State Highway 52, Pupri, Bihar 843320, India","NR Rly CRSNG No-35, Ward-7, State Highway 52, Pupri","094306 17361","+91 94306 17361","26.472541,85.695397",,,"food / establishment",https://plus.google.com/107823699842317894774/about?hl=en-US,http://mishrashiva.blogspot.in/,ChIJE4q2-UdR7DkRk-gxx-W6GRM
"Modern Tent House","State Bank Of India, State Highway 52, Pupri, Bihar 843320, India","State Bank Of India, State Highway 52, Pupri","081021 36453","+91 81021 36453","26.469729,85.704455",,,establishment,https://plus.google.com/110326244668683897584/about?hl=en-US,,ChIJc64G0kFR7DkRGN13z1xUrwY
"Manzar Fertilizer And Hardware Store","Gamhariya-Samanpur Road, Gamhariya 44513, Nepal","Gamhariya-Samanpur Road, Gamhariya",0984-5251343,"+977 984-5251343","26.939762,85.367757",,,"store / establishment",https://plus.google.com/105382817519457792167/about?hl=en-US,,ChIJFY_9IqqZ7DkRGvq8rPWOJFI
"Sewak Sanjaynath Tantrik Kali Mandir","Sewak Sanjaynath Tantrik Kali Mandir Kali Nagari,, Raxaul, Bihar, India","Sewak Sanjaynath Tantrik Kali Mandir Kali Nagari,, Raxaul","06255 220 622","+91 6255 220 622","26.984184,84.84989",,,"place_of_worship / establishment",https://plus.google.com/115975524704398747692/about?hl=en-US,http://www.vamtantrasamrat.com/,ChIJ72HpPVNRkzkRBVD4zl3hoyc
"Nepal Telecom Regional Directorate","Birgunj 44300, Nepal",Birgunj,,,"27.02359,84.883908",,,establishment,https://plus.google.com/111476546958064327857/about?hl=en-US,http://www.ntc.net.np,ChIJNy5mP09UkzkRPx4ePxmccJM
"Nepal Telecom","Tribhuvan Highway, 44400, Nepal","Tribhuvan Highway",,,"27.091592,84.942693",,,establishment,https://plus.google.com/109348938592984909087/about?hl=en-US,http://www.ntc.net.np/,ChIJybbRAVNV6zkRtbcfb_jgoFM
"Aeropack Corporation","79, 3rd Main Road, Industrial Town, Rajaji Nagar, Rajaji Nagar, Bengaluru, Karnataka 560044, India","79, 3rd Main Road, Industrial Town, Rajaji Nagar, Rajaji Nagar, Bengaluru","080 2335 1571","+91 80 2335 1571","26.797074,84.536907",,,"store / establishment",https://plus.google.com/113780141955962994248/about?hl=en-US,,ChIJE8R9PncWrjsR5w87SVJvRRk
"Thekchen Choling Monastery","Kyama 45400, Nepal",Kyama,,,"27.628962,86.427963",,,"place_of_worship / establishment",https://plus.google.com/108976446870474448965/about?hl=en-US,https://www.facebook.com/ThekchenCholingMonastery,ChIJEVQ5kWVv6TkR9bbJ90woCBI
"Apostolic Church, Gelu","Gelu-5, Sawa dada, Ramechap,, Gelu 45400, Nepal","Gelu-5, Sawa dada, Ramechap,, Gelu",0985-1012105,"+977 985-1012105","27.45,86.08",,,"church / place_of_worship / establishment",https://plus.google.com/110308375688342745308/about?hl=en-US,http://www.churchesnetwork.com/,ChIJeRgBVGfo6zkRJ2nFSoT_LlE
"Jaymatadi Fur And Tent","front of gurudwara, India","front of gurudwara","090976 50900","+91 90976 50900","26.587672,86.139494",,,"store / establishment",https://plus.google.com/115283851882416237467/about?hl=en-US,,ChIJx_VGnaYl7DkRbC7_eWcggtE
"Crescent English School","Khutauna, Madhubani, Bihar 847221, India","Khutauna, Madhubani","089613 65139","+91 89613 65139","26.500072,86.406097",,4.7,"school / establishment",https://plus.google.com/111523577246653603684/about?hl=en-US,http://crescentenglishschool.in,ChIJ32Z7NZaF7jkRFZ0MTEL5UVA
"BABA JI KUTI","MADHUBANI TOLA,BARDEPUR, National Highway 105, Nararh Part, Bihar 847226, India","MADHUBANI TOLA,BARDEPUR, National Highway 105, Nararh Part",,,"26.510989,86.076014",,,"hindu_temple / place_of_worship / establishment",https://plus.google.com/110947240024542286180/about?hl=en-US,http://www.en.wikipedia.org/wiki/bardepur,ChIJdeJtTTQw7DkR_bYrDG1JcXo
"J N High School","Babu Barhi, Bihar 847224, India","Babu Barhi","0612 222 5549","+91 612 222 5549","26.454078,86.270613",,,"school / establishment",https://plus.google.com/118124317746128771880/about?hl=en-US,http://biharboard.bih.nic.in/,ChIJKa7q5vGB7jkRj_eUgJIrBEs
"Nepal Doorsanchar Company Limited","Dharan 56700, Nepal",Dharan,,,"26.819331,87.284979",,,establishment,https://plus.google.com/113311296752743171191/about?hl=en-US,http://www.ntc.net.np/,ChIJBXyyl3VB7zkRc_XyWTymdHo
"Graphica International Pvt. Ltd.","H01, Itahari 56705, Nepal","H01, Itahari",025-584654,"+977 25-584654","26.664298,87.271902",,,establishment,https://plus.google.com/106914544368635397740/about?hl=en-US,http://www.graphica.com.np/,ChIJd8zC_m9s7zkRvTBF0xuWdgQ
"Janaki Polytank Ind. Pvt. Ltd.","Koshi Highway, Tankisinuwari 56707, Nepal","Koshi Highway, Tankisinuwari",,,"26.543298,87.278896",,,establishment,https://plus.google.com/102204318439534466079/about?hl=en-US,http://janakipolytank.com/,ChIJvxTlBUly7zkR0qqr0ml-ks8
"PHALGUNANDA TRAVELS AND TOURS (P.)LTD.","Beldangi Road - 11, Damak - Jhapa, Nepal","Beldangi Road - 11, Damak - Jhapa",023-585716,"+977 23-585716","26.660809,87.697458",,,"travel_agency / establishment",https://plus.google.com/101281931368151570913/about?hl=en-US,http://www.phalgunandatravels.com/,ChIJSQqgigaO5TkRvYS82ol-BBM
"Janak Education Material Center","Biratnagar 56700, Nepal",Biratnagar,,,"26.436947,87.274035",,,establishment,https://plus.google.com/108242401734528175345/about?hl=en-US,,ChIJE0gXTbJ17zkRS3wdcfGeMPI
"Nepal Telecom","Rangeli Road, Rangeli 56602, Nepal","Rangeli Road, Rangeli",,,"26.463879,87.490379",,,establishment,https://plus.google.com/108126208679732961219/about?hl=en-US,http://www.ntc.net.np/,ChIJnRGkdPJ-7zkRXTcj1_gq5Ug
"Saugat Hardware","Main Road (South), Biratnagar 56613, Nepal","Main Road (South), Biratnagar",021-471096,"+977 21-471096","26.445616,87.277676",,,"hardware_store / store / establishment",https://plus.google.com/114211271151663215666/about?hl=en-US,http://www.janakipolytank.com/,ChIJieZe6Ut07zkRdTW051Pfvos
"Tathagata Journeys","Lebong, Darjeeling, West Bengal 734101, India","Lebong, Darjeeling","097758 09299","+91 97758 09299","27.053914,88.27734",,,"travel_agency / establishment",https://plus.google.com/103546938205213078552/about?hl=en-US,http://www.traveltodarjeeling.com/,ChIJb--WA9su5DkReXH4In3eu1U
Organo,"Rai Niwas, P.O. Tung,, Dist Darjeeling, Darjeeling, West Bengal 734224, India","Rai Niwas, P.O. Tung,, Dist Darjeeling, Darjeeling","090085 18187","+91 90085 18187","26.921529,88.29479",,,"health / establishment",https://plus.google.com/115693426769078751943/about?hl=en-US,http://www.organoherbs.com/,ChIJhxHcqfAw5DkR88cd-KWcjN4
"Himalayan Mountaineering Institute","Himalayan Mountaineering Institute, Darjeeling, 734101, India","Himalayan Mountaineering Institute, Darjeeling",,,"27.059761,88.253777",,4.6,establishment,https://plus.google.com/113384580518318321230/about?hl=en-US,,ChIJscSwrK8u5DkRL1bAtloiAZU
"SUJAY HARDWARE","Gandhi Road, Jugibhita, West Bengal 734010, India","Gandhi Road, Jugibhita","081167 68232","+91 81167 68232","26.751618,88.358434",,,"hardware_store / store / establishment",https://plus.google.com/111599573513604798729/about?hl=en-US,"http://www.google.co.in/mapmaker?ll=26.719082,88.366475&spn=0.001414,0.002124&t=h&z=19&lyt=large_map_v3&hyaw=106.52817441068892&mid=1423383730045&source=https%3A%2F%2Fwww.google.co.in%2F",ChIJrfvMqKhH5DkRHIz9pFr-_Uw
"Roshan Traders","Bhadrapur 57200, Nepal",Bhadrapur,023-455390,"+977 23-455390","26.569376,88.06484",,,"shopping_mall / establishment",https://plus.google.com/109566791536797915098/about?hl=en-US,,ChIJp0U9O0eu5TkR5v8KUATFHYk
"VG Learning Destination","Rd, Subhas Pally, Siliguri, West Bengal 734005, India","Rd, Subhas Pally, Siliguri","0353 645 9255","+91 353 645 9255","26.705228,88.423011",,,establishment,https://plus.google.com/117260342168067875052/about?hl=en-US,http://www.vinodguptaclasses.com/,ChIJ3RbO1mdB5DkRGsvccWXPmls
"J.S. SECURITY SOLUTIONS","Jaiswal House, Opp. Gurund Medical Hall, Gurund Nagar, Po Pradhan Nagar,, Siliguri, West Bengal 734003, India","Jaiswal House, Opp. Gurund Medical Hall, Gurund Nagar, Po Pradhan Nagar,, Siliguri","099331 81716","+91 99331 81716","26.733522,88.419789",,,"store / establishment",https://plus.google.com/108034674618769295988/about?hl=en-US,http://jssecurity.tradeindia.com/,ChIJAQAAALBA5DkR8RD8VsuiUjY
"Nantu's Monalisa Art School","Bhanu Nagar, Siliguri, West Bengal 734001, India","Bhanu Nagar, Siliguri","098323 26647","+91 98323 26647","26.730016,88.427693",,,establishment,https://plus.google.com/108423818407983374636/about?hl=en-US,http://www.monalisaartschool.blogspot.com/,ChIJw0VUZRpB5DkRpXjAKG1_I0g
"Aakash Institute","Plot No.-396, 3rd Floor, Shanti Tower, Second Mile, Sevoke Road, Siliguri, West Bengal 734001, India","Plot No.-396, 3rd Floor, Shanti Tower, Second Mile, Sevoke Road, Siliguri","0353 394 5454","+91 353 394 5454","26.731945,88.431843",,,establishment,https://plus.google.com/107776383844417096063/about?hl=en-US,http://www.aakash.ac.in/,ChIJ5yApuBRB5DkRmj2FLAE2x_Y
"Indian Institute Of Polymer Science","Hill Cart Road, Pradhan Nagar, Siliguri, West Bengal 734003, India","Hill Cart Road, Pradhan Nagar, Siliguri","095317 39896","+91 95317 39896","26.72113,88.418572",,,establishment,https://plus.google.com/113503628429150783867/about?hl=en-US,http://www.iipsedu.net/,ChIJC6lnPW5B5DkR1opwLg4E1Ac
"BHARAT THERMOCOLE PVT. LTD.","C/O. Govind Agarwal, Baniakhari, P.O. Matigara, District Darjeeling, Siliguri, West Bengal 734405, India","C/O. Govind Agarwal, Baniakhari, P.O. Matigara, District Darjeeling, Siliguri","099334 48668","+91 99334 48668","26.708382,88.426874",,,establishment,https://plus.google.com/112523213978990819949/about?hl=en-US,http://bharatthermocoleindustries.tradeindia.com/,ChIJQTv9IG9B5DkRRhW2jyMsjTo
"Vamsha Nature Care","Choklong Forest, West Bengal 734006, India","Choklong Forest","0353 211 0777","+91 353 211 0777","26.870142,88.410573",,,"home_goods_store / store / establishment",https://plus.google.com/100276197142949224978/about?hl=en-US,http://www.vamshacare.com/,ChIJIwszKyhE5DkRWm0Bd5xGjBU
Shikshakendra,"Shiv Mandir, West Bengal 734013, India","Shiv Mandir","077978 01375","+91 77978 01375","26.711427,88.362949",,,"university / establishment",https://plus.google.com/118357071676810284934/about?hl=en-US,http://www.sken.in/,ChIJmXBKBopG5DkRDRslI9GhnYY
"Navin Enterprises","Madan Trading Building, 228, Sevoke Road, Ward 11, Siliguri, West Bengal 734001, India","Madan Trading Building, 228, Sevoke Road, Ward 11, Siliguri","094340 17777","+91 94340 17777","26.718506,88.425338",,,establishment,https://plus.google.com/116526644576149500488/about?hl=en-US,http://www.neocat5000.com/,ChIJz7iBpBRB5DkRVGdqrscqpN8
"Himalayan Organic Farmstay","Darjeeling, West Bengal 734101, India",Darjeeling,"099710 43321","+91 99710 43321","27.034357,88.337287",,,"lodging / establishment",https://plus.google.com/114431527388564194075/about?hl=en-US,http://www.tathagatafarm.com/,ChIJv7n4n5Al5DkRTgVAr6QfS20
"Releasemyad Media Pvt.Ltd","Hill Cart Road, Hakim Para, Siliguri, West Bengal 734001, India","Hill Cart Road, Hakim Para, Siliguri","033 4031 1143","+91 33 4031 1143","26.70987,88.427018",,,establishment,https://plus.google.com/110317252109339489476/about?hl=en-US,http://siliguri.releasemyad.com/,ChIJDz8z525B5DkRTAHi8bf5Uoo
"Super Packaging System","Siliguri, West Bengal 734004, India",Siliguri,"098005 27516","+91 98005 27516","26.697128,88.423428",,,establishment,https://plus.google.com/111645733213628589964/about?hl=en-US,http://www.superpackagingsystem.com/,ChIJK6fg_WBB5DkR5ccXyr2T4-U
"Dreamway Destinations","City plaza 1st floor , dihar more , Siliguri, Darjeeling,, Bagdogra, West Bengal 734014, India","City plaza 1st floor , dihar more , Siliguri, Darjeeling,, Bagdogra","094740 92500","+91 94740 92500","26.699503,88.314227",,,establishment,https://plus.google.com/115139119402148883205/about?hl=en-US,http://www.dreamwaydestinations.com/,ChIJObMadQJG5DkRoWCkgSQ17sE
"Deesha Trade Endeavours Head Office","State Highway 12A, Pradip Nagar, Siliguri, West Bengal 734004, India","State Highway 12A, Pradip Nagar, Siliguri","0353 277 8209","+91 353 277 8209","26.700603,88.414329",,,"food / store / establishment",https://plus.google.com/110285538090555921721/about?hl=en-US,http://www.deeshaindiatea.com/,ChIJEfBLz1tB5DkR3sp2AA4Ywfg
"SSF INDUSTRIES LTD.","Sevoke Road, Dasrath Pally, Bhanu Nagar, Siliguri, West Bengal 734001, India","Sevoke Road, Dasrath Pally, Bhanu Nagar, Siliguri","094340 45271","+91 94340 45271","26.730595,88.430349",,,establishment,https://plus.google.com/115366429693752172352/about?hl=en-US,http://www.ssfindia.com/,ChIJbz5tthpB5DkR0ujhN22W5L8
"EBS Software Private Limited","Udham Singh Sarani, Ward 13, Panjabi Para, Siliguri, West Bengal 734001, India","Udham Singh Sarani, Ward 13, Panjabi Para, Siliguri","099320 13501","+91 99320 13501","26.722915,88.430224",,,establishment,https://plus.google.com/101335328784824074911/about?hl=en-US,http://www.ebssoftware.co.in/,ChIJFY9hBBJB5DkRPGmPAQ8JN-E
Terex,"Nazrul Sarani, Ward 12, Hakim Para, Siliguri, West Bengal 734001, India","Nazrul Sarani, Ward 12, Hakim Para, Siliguri","1800 103 7600","+91 1800 103 7600","26.71849,88.427217",,,establishment,https://plus.google.com/102918122954379271507/about?hl=en-US,http://www.terex.com/,ChIJA0MqORNB5DkRP0-6HZHyZlU
"M/s. Anup Acharjya","Old Station Pally, Near K.M.C., Uttar Dinajpur, Islampur, West Bengal 733202, India","Old Station Pally, Near K.M.C., Uttar Dinajpur, Islampur","092323 97382","+91 92323 97382","26.265242,88.192818",,,"store / establishment",https://plus.google.com/100893284804641115185/about?hl=en-US,,ChIJMYIF9An95DkRlu4zDULMyuM
"CPWD Office","Majid Nagar, Islampur, West Bengal 733202, India","Majid Nagar, Islampur","011 2626 6093","+91 11 2626 6093","26.252899,88.183326",,,establishment,https://plus.google.com/113156446338485570334/about?hl=en-US,http://cpwd.gov.in/,ChIJyee43G395DkRXL2NAwU3U4g
"CPWD Residence","Majid Nagar, Islampur, West Bengal 733202, India","Majid Nagar, Islampur",,,"26.252161,88.183326",,,establishment,https://plus.google.com/111417276420619854995/about?hl=en-US,http://cpwd.gov.in/,ChIJ4W5R0G395DkRSMlSVPouVKk
